Tool Name,Website URL,Domain,Domain Extension,Domain Length,Description,Description Word Count,Tags,Category,Subcategory,Is Open Source,GitHub Stars,GitHub Forks,Primary Language,GitHub Open Issues
AI For Developers,https://aifordevelopers.org,aifordevelopers.org,org,19,"Just a curated list of AI agents, SDKs, coding copilots, and dev-first tools that save you hours — not waste them",21,"code, agent",Editor's Choice,General,False,0,0,None,0
There's an AI,https://theresanai.com,theresanai.com,com,14,List of best AI Tools,5,general,Editor's Choice,General,False,0,0,None,0
Notion AI,https://affiliate.notion.so/9po6cx7rvdr6-4y5a7,affiliate.notion.so,so,19,"Just ask Q&A, and find the info you need in seconds. Get help writing and brainstorming in Notion, not in a separate browser tab",24,"text, search",Editor's Choice,General,False,0,0,None,0
Murf AI,https://get.murf.ai/v8i9to5ad4oq,get.murf.ai,ai,11,Create voiceover with the most lifelike AI voices,8,general,Editor's Choice,General,False,0,0,None,0
SaneBox,https://try.sanebox.com/yzkpe5s68xk2,try.sanebox.com,com,15,an email management software as a service that integrates with IMAP and Exchange Web Services email accounts,17,productivity,Editor's Choice,General,False,0,0,None,0
MeetGeek,https://get.meetgeek.ai/zmrnb5xlyfs9,get.meetgeek.ai,ai,15,"an AI meeting assistant that automatically video records, transcribes, summarizes, and provides the key points from every meeting",18,"video, chatbot, productivity",Editor's Choice,General,False,0,0,None,0
OpenAI API,https://openai.com/api/,openai.com,com,10,"OpenAI's API provides access to GPT-3 and GPT-4 models, which performs a wide variety of natural language tasks, and Codex, which translates natural language to code",26,"code, chatbot, productivity",Text,Models,False,0,0,None,0
Gopher,https://www.deepmind.com/blog/language-modelling-at-scale-gopher-ethical-considerations-and-retrieval,deepmind.com,com,12,Gopher by DeepMind is a 280 billion parameter language model,10,general,Text,Models,False,0,0,None,0
OPT,https://huggingface.co/facebook/opt-350m,huggingface.co,co,14,Open Pretrained Transformers (OPT) by Facebook is a suite of decoder-only pre-trained transformers. [Announcement](https://ai.facebook.com/blog/democratizing-access-to-large-scale-language-models-with-opt-175b/). [OPT-175B text generation](https://opt.alpa.ai/) hosted by Alpa,20,text,Text,Models,False,0,0,None,0
Bloom,https://huggingface.co/docs/transformers/model_doc/bloom,huggingface.co,co,14,BLOOM by Hugging Face is a model similar to GPT-3 that has been trained on 46 different languages and 13 programming languages. #opensource,23,"code, chatbot",Text,Models,False,0,0,None,0
LLaMA,https://ai.facebook.com/blog/large-language-model-llama-meta-ai/,ai.facebook.com,com,15,"A foundational, 65-billion-parameter large language model by Meta. #opensource",9,general,Text,Models,False,0,0,None,0
Llama 2,https://ai.meta.com/llama/,ai.meta.com,com,11,The next generation of Meta's open source large language model. #opensource,11,general,Text,Models,False,0,0,None,0
Claude 3,https://claude.ai/,claude.ai,ai,9,"Talk to Claude, an AI assistant from Anthropic",8,chatbot,Text,Models,False,0,0,None,0
Vicuna-13B,https://lmsys.org/blog/2023-03-30-vicuna/,lmsys.org,org,9,An open-source chatbot trained by fine-tuning LLaMA on user-shared conversations collected from ShareGPT,13,chatbot,Text,Models,False,0,0,None,0
Stable Beluga,https://huggingface.co/stabilityai/StableBeluga1-Delta,huggingface.co,co,14,A finetuned LLamma 65B model,5,general,Text,Models,False,0,0,None,0
Stable Beluga 2,https://huggingface.co/stabilityai/StableBeluga2,huggingface.co,co,14,A finetuned LLamma2 70B model,5,general,Text,Models,False,0,0,None,0
GPT-4o Mini,https://altern.ai/ai/gpt-4o-mini,altern.ai,ai,9,*[Review on Altern](https://altern.ai/ai/gpt-4o-mini)* - Advancing cost-efficient intelligence,7,chatbot,Text,Models,False,0,0,None,0
ChatGPT,https://chatgpt.com,chatgpt.com,com,11,*[reviews](https://theresanai.com/chatgpt)* - ChatGPT by OpenAI is a large language model that interacts in a conversational way,16,chatbot,Text,Chatbots,False,0,0,None,0
Bing Chat,https://www.bing.com/chat,bing.com,com,8,*[reviews](https://altern.ai/product/bing_chat)* - A conversational AI language model powered by Microsoft Bing,11,chatbot,Text,Chatbots,False,0,0,None,0
Gemini,https://gemini.google.com,gemini.google.com,com,17,"*[reviews](https://altern.ai/product/gemini)* - An experimental AI chatbot by Google, powered by the LaMDA model",13,chatbot,Text,Chatbots,False,0,0,None,0
Character.AI,https://character.ai/,character.ai,ai,12,*[reviews](https://altern.ai/product/character-ai)* - Character.AI lets you create characters and chat to them,11,chatbot,Text,Chatbots,False,0,0,None,0
ChatPDF,https://www.chatpdf.com/,chatpdf.com,com,11,*[reviews](https://altern.ai/product/chatpdf)* - Chat with any PDF,6,"chatbot, search",Text,Chatbots,False,0,0,None,0
ChatSonic,https://writesonic.com/chat,writesonic.com,com,14,*[reviews](https://altern.ai/product/chatsonic)* - An AI-powered assistant that enables text and image creation,11,"image, text, chatbot",Text,Chatbots,False,0,0,None,0
Phind,https://www.phind.com/,phind.com,com,9,*[reviews](https://altern.ai/product/phind)* - Phind is an intelligent search engine and assistant for programmers. Phind is smart enough to proactively ask you questions to clarify its assumptions and to browse the web (or your codebase) when it needs additional context. With our new VS Code extension,44,"code, chatbot, search",Text,Chatbots,False,0,0,None,0
Tiledesk,https://tiledesk.com/,tiledesk.com,com,12,"*[reviews](https://altern.ai/product/tiledesk)* - Open-source LLM-enabled no-code chatbot development framework. Design, test and launch your flows on all your channels in minutes",20,"image, code, chatbot",Text,Chatbots,False,0,0,None,0
AICamp,https://aicamp.so/,aicamp.so,so,9,*[reviews](#)* - ChatGPT for Teams,5,general,Text,Chatbots,False,0,0,None,0
Gali Chat,https://www.galichat.com/,galichat.com,com,12,*[reviews](#)* - Your 24/7 AI Support Assistant that helps you grow your business!,13,chatbot,Text,Chatbots,False,0,0,None,0
DeepSeek-R1,https://www.deepseek.com,deepseek.com,com,12,"*[reviews](https://altern.ai/product/deepseek-r1)* - A versatile AI assistant by DeepSeek, designed for conversational interactions, code generation, and creative tasks",17,"code, chatbot, productivity",Text,Chatbots,False,0,0,None,0
dmwithme,https://dmwithme.com,dmwithme.com,com,12,"AI companion with realistic emotions that can disagree, get moody, and challenge you",13,general,Text,Chatbots,False,0,0,None,0
Kazimir.ai,https://kazimir.ai/,kazimir.ai,ai,10,A search engine designed to search AI-generated images,8,search,Text,Search engines,False,0,0,None,0
Perplexity AI,https://www.perplexity.ai/,perplexity.ai,ai,13,AI powered search tools,4,search,Text,Search engines,False,0,0,None,0
Metaphor,https://metaphor.systems/,metaphor.systems,systems,16,Language model powered search,4,search,Text,Search engines,False,0,0,None,0
You.com,https://you.com/,you.com,com,7,A search engine built on AI that provides users with a customized search experience while keeping their data 100% private,20,search,Text,Search engines,False,0,0,None,0
Komo AI,https://komo.ai/,komo.ai,ai,7,An AI based Search engine which responses quick and short answers,11,search,Text,Search engines,False,0,0,None,0
Telborg,https://telborg.com/,telborg.com,com,11,"AI for Climate Research, with data exclusively from governments, international institutions and companies",13,general,Text,Search engines,False,0,0,None,0
MemFree,https://github.com/memfreeme/memfree,github.com,com,10,"Open Source Hybrid AI Search Engine, Instantly Get Accurate Answers from the Internet, Bookmarks, Notes, and Docs",17,"search, productivity",Text,Search engines,True,1499,207,TypeScript,18
Refinder AI,https://refinder.ai/,refinder.ai,ai,11,AI-powered universal search and assistant for work,7,"chatbot, search",Text,Search engines,False,0,0,None,0
Agentset.ai,https://agentset.ai/,agentset.ai,ai,11,Open-source local Semantic Search + RAG for your data,9,search,Text,Search engines,False,0,0,None,0
privateGPT,https://github.com/imartinez/privateGPT,github.com,com,10,"Ask questions to your documents without an internet connection, using the power of LLMs",14,general,Text,Local search engines,True,57272,7611,Python,5
quivr,https://github.com/StanGirard/quivr,github.com,com,10,Dump all your files and chat with it using your generative AI second brain using LLMs & embeddings,18,chatbot,Text,Local search engines,True,39164,3726,Python,27
Jasper,https://www.jasper.ai/,jasper.ai,ai,9,Create content faster with artificial intelligence,6,general,Text,Writing assistants,False,0,0,None,0
Compose AI,https://www.compose.ai/,compose.ai,ai,10,Compose AI is a free Chrome extension that cuts your writing time by 40% with AI-powered autocompletion,17,text,Text,Writing assistants,False,0,0,None,0
Rytr,https://rytr.me/,rytr.me,me,7,Rytr is an AI writing assistant that helps you create high-quality content,12,"text, chatbot",Text,Writing assistants,False,0,0,None,0
wordtune,https://www.wordtune.com/,wordtune.com,com,12,Personal writing assistant,3,"text, chatbot",Text,Writing assistants,False,0,0,None,0
HyperWrite,https://hyperwriteai.com/,hyperwriteai.com,com,16,HyperWrite helps you write with confidence and get your work done faster from idea to final draft,17,text,Text,Writing assistants,False,0,0,None,0
Nexus AI,https://mynexusai.com/,mynexusai.com,com,13,"Nexus AI is a generative cutting-edge AI Platform for writing, coding, voiceovers, research, image creation and beyond",17,"image, text, code",Text,Writing assistants,False,0,0,None,0
Moonbeam,https://www.gomoonbeam.com/,gomoonbeam.com,com,14,Better blogs in a fraction of the time,8,general,Text,Writing assistants,False,0,0,None,0
copy.ai,https://www.copy.ai/,copy.ai,ai,7,Write better marketing copy and content with AI,8,"text, marketing",Text,Writing assistants,False,0,0,None,0
Anyword,https://anyword.com/,anyword.com,com,11,Anyword's AI writing assistant generates effective copy for anyone,9,"text, chatbot, marketing",Text,Writing assistants,False,0,0,None,0
Contenda,https://contenda.co/,contenda.co,co,11,"Create the content your audience wants, from content you've already made",11,general,Text,Writing assistants,False,0,0,None,0
Hypotenuse AI,https://www.hypotenuse.ai/,hypotenuse.ai,ai,13,"Turn a few keywords into original, insightful articles, product descriptions and social media copy",14,marketing,Text,Writing assistants,False,0,0,None,0
Lavender,https://www.lavender.ai/,lavender.ai,ai,11,Lavender email assistant helps you get more replies in less time,11,"chatbot, productivity",Text,Writing assistants,False,0,0,None,0
Lex,https://lex.page/,lex.page,page,8,"A word processor with artificial intelligence baked in, so you can write faster",13,text,Text,Writing assistants,False,0,0,None,0
Jenni,https://jenni.ai/,jenni.ai,ai,8,Jenni is the ultimate writing assistant that saves you hours of ideation and writing time,15,"text, chatbot",Text,Writing assistants,False,0,0,None,0
LAIKA,https://www.writewithlaika.com/,writewithlaika.com,com,18,LAIKA trains an artificial intelligence on your own writing to create a personalised creative partner-in-crime,15,text,Text,Writing assistants,False,0,0,None,0
QuillBot,https://quillbot.com,quillbot.com,com,12,AI-powered paraphrasing tool,3,general,Text,Writing assistants,False,0,0,None,0
Postwise,https://postwise.ai/,postwise.ai,ai,11,"Write tweets, schedule posts and grow your following using AI",10,text,Text,Writing assistants,False,0,0,None,0
RapidTextAI,https://app.rapidtextai.com/,app.rapidtextai.com,com,19,"Write Advance Articles using Multiple AI Models like GPT4, Gemini, Deepseek and grok",13,text,Text,Writing assistants,False,0,0,None,0
Copysmith,https://copysmith.ai/,copysmith.ai,ai,12,AI content creation solution for Enterprise & eCommerce,8,general,Text,Writing assistants,False,0,0,None,0
Yomu,https://www.yomu.ai,yomu.ai,ai,7,AI writing assistant for students and academics,7,"text, chatbot",Text,Writing assistants,False,0,0,None,0
Listomatic,https://listomatic.app,listomatic.app,app,14,Free and fully configurable real estate listing description generator,9,general,Text,Writing assistants,False,0,0,None,0
Quick Creator,https://quickcreator.io,quickcreator.io,io,15,SEO-Optimized Blog platform powered by AI,6,"text, marketing",Text,Writing assistants,False,0,0,None,0
Trolly.ai,https://trolly.ai/,trolly.ai,ai,9,"Trolly.ai can help you in creating professional SEO articles, 2x faster. This tool crafts content that search engines love, propelling you up the rankings",24,"search, marketing",Text,Writing assistants,False,0,0,None,0
Dittto.ai,https://dittto.ai,dittto.ai,ai,9,Fix your hero copy with an AI trained on top SaaS websites,12,marketing,Text,Writing assistants,False,0,0,None,0
PulsePost,https://pulsepost.io/,pulsepost.io,io,12,AI writer that Auto Publishes to your own website,9,general,Text,Writing assistants,False,0,0,None,0
Shy Editor,https://www.shyeditor.com,shyeditor.com,com,13,A modern AI-assisted writing environment for all types of prose,10,text,Text,Writing assistants,False,0,0,None,0
DeepL Write,https://www.deepl.com/write,deepl.com,com,9,AI writing tool that improves written communication,7,text,Text,Writing assistants,False,0,0,None,0
Headlinesai.pro,https://www.headlinesai.pro/,headlinesai.pro,pro,15,"This AI powered tool can help you in generating catchy and optimized headlines based on your content for multiple platforms like Youtube, Medium, Indie Hackers and Reddit",27,general,Text,Writing assistants,False,0,0,None,0
GPTLocalhost,https://gptlocalhost.com/demo/,gptlocalhost.com,com,16,"A local Word Add-in for you to use local LLM servers in Microsoft Word. Alternative to ""Copilot in Word"" and completely local",22,code,Text,Writing assistants,False,0,0,None,0
Gist AI,https://www.gistai.tech?utm_source=tool_directory&utm_medium=post&utm_campaign=launch,gistai.tech,tech,11,"ChatGPT-powered free Summarizer for Websites, YouTube and PDF",8,search,Text,ChatGPT extensions,False,0,0,None,0
WebChatGPT,https://chrome.google.com/webstore/detail/webchatgpt-chatgpt-with-i/lpfemeioodjbpieminkklglpmhlngfcn,chrome.google.com,com,17,Augment your ChatGPT prompts with relevant results from the web,10,general,Text,ChatGPT extensions,False,0,0,None,0
GPT for Sheets and Docs,https://workspace.google.com/marketplace/app/gpt_for_sheets_and_docs/677318054654,workspace.google.com,com,20,ChatGPT extension for Google Sheets and Google Docs,8,chatbot,Text,ChatGPT extensions,False,0,0,None,0
YouTube Summary with ChatGPT,https://chrome.google.com/webstore/detail/youtube-summary-with-chat/nmmicjeknamkfloonkhhcjmomieiodli,chrome.google.com,com,17,Use ChatGPT to summarize YouTube videos,6,general,Text,ChatGPT extensions,False,0,0,None,0
ChatGPT Prompt Genius,https://chrome.google.com/webstore/detail/chatgpt-prompt-genius/jjdnakkfjnnbbckhifcfchagnpofjffo,chrome.google.com,com,17,"Discover, share, import, and use the best prompts for ChatGPT & save your chat history locally",16,chatbot,Text,ChatGPT extensions,False,0,0,None,0
ChatGPT for Search Engines,https://chrome.google.com/webstore/detail/chatgpt-for-search-engine/feeonheemodpkdckaljcjogdncpiiban,chrome.google.com,com,17,"Display ChatGPT response alongside Google, Bing, and DuckDuckGo search results",10,search,Text,ChatGPT extensions,False,0,0,None,0
ShareGPT,https://sharegpt.com/,sharegpt.com,com,12,Share your ChatGPT conversations and explore conversations shared by others,10,general,Text,ChatGPT extensions,False,0,0,None,0
Merlin,https://merlin.foyer.work/,merlin.foyer.work,work,17,ChatGPT Plus extension on all websites,6,general,Text,ChatGPT extensions,False,0,0,None,0
ChatGPT Writer,https://chatgptwriter.ai/,chatgptwriter.ai,ai,16,Generate entire emails and messages using ChatGPT AI,8,general,Text,ChatGPT extensions,False,0,0,None,0
ChatGPT for Jupyter,https://github.com/TiesdeKok/chat-gpt-jupyter-extension,github.com,com,10,"Add various helper functions in Jupyter Notebooks and Jupyter Lab, powered by ChatGPT",13,general,Text,ChatGPT extensions,True,308,56,TypeScript,0
editGPT,https://www.editgpt.app/,editgpt.app,app,11,"Easily proofread, edit, and track changes to your content in chatGPT",11,general,Text,ChatGPT extensions,False,0,0,None,0
Chatbot UI,https://www.chatbotui.com/,chatbotui.com,com,13,An open source ChatGPT UI. [Source code](https://github.com/mckaywrigley/chatbot-ui),7,"code, chatbot",Text,ChatGPT extensions,False,0,0,None,0
Forefront,https://www.forefront.ai/,forefront.ai,ai,12,A Better ChatGPT Experience,4,general,Text,ChatGPT extensions,False,0,0,None,0
AI Character for GPT,https://chromewebstore.google.com/detail/ai-character-for-gpt/daoeioifimkjegafelcaljboknjkkohh,chromewebstore.google.com,com,25,"One click to curate AI chatbot, including ChatGPT, Google Bard to improve AI responses",14,chatbot,Text,ChatGPT extensions,False,0,0,None,0
Mem,https://mem.ai/,mem.ai,ai,6,"Mem is the world's first AI-powered workspace that's personalized to you. Amplify your creativity, automate the mundane, and stay organized automatically",21,general,Text,Productivity,False,0,0,None,0
Taskade,https://www.taskade.com/,taskade.com,com,11,"Build, train, and deploy autonomous AI agents for task management, team collaboration, and workflow automation—all within a unified workspace",19,agent,Text,Productivity,False,0,0,None,0
Nekton AI,https://nekton.ai,nekton.ai,ai,9,Automate your workflows with AI. Describe your workflows step by step in plain language,14,general,Text,Productivity,False,0,0,None,0
Elephas,https://elephas.app/?ref=mahseema-awesome-ai-tools,elephas.app,app,11,Personal AI writing assistant for the Mac,7,"text, chatbot",Text,Productivity,False,0,0,None,0
Lemmy,https://lemmy.co/?ref=mahseema-awesome-ai-tools,lemmy.co,co,8,Autonomous AI Assistant for Work,5,"chatbot, agent",Text,Productivity,False,0,0,None,0
Google Sheets Formula Generator,https://bettersheets.co/google-sheets-formula-generator?ref=mahseema-awesome-ai-tools,bettersheets.co,co,15,Forget about frustrating formulas in Google Sheets,7,general,Text,Productivity,False,0,0,None,0
CreateEasily,https://createeasily.com/?ref=mahseema-awesome-ai-tools,createeasily.com,com,16,Free speech-to-text tool for content creators that accurately transcribes audio & video files up to 2GB,16,"video, audio, text",Text,Productivity,False,0,0,None,0
Cosmos,https://meetcosmos.com/,meetcosmos.com,com,14,"Use AI locally and offline to search your media files by their content, find similar images or video scenes using reference images, and transcribe video",25,"video, search",Text,Productivity,False,0,0,None,0
aiPDF,https://aipdf.ai,aipdf.ai,ai,8,The most advanced AI document assistant,6,"chatbot, search",Text,Productivity,False,0,0,None,0
Summary With AI,https://www.summarywithai.com/,summarywithai.com,com,17,Summarize any long PDF with AI. Comprehensive summaries using information from all pages of a document,16,search,Text,Productivity,False,0,0,None,0
Emilio,https://getemil.io?ref=mahseema-awesome-ai-tools,getemil.io,io,10,"Stop drowning in emails - Emilio prioritizes and automates your email, saving 60% of your time",16,productivity,Text,Productivity,False,0,0,None,0
Pieces,https://pieces.app/,pieces.app,app,10,"AI-enabled productivity tool designed to supercharge developer efficiency,with an on-device copilot that helps capture, enrich, and reuse useful materials, streamline collaboration, and solve complex problems through a contextual understanding of dev workflow",32,"code, agent, productivity",Text,Productivity,False,0,0,None,0
Huntr AI Resume Builder,https://huntr.co/product/ai-resume-builder/?ref=mahseema-awesome-ai-tools,huntr.co,co,8,"Craft the perfect resume, with a little help from AI. Huntr’s customizable AI Resume Builder will help you craft a well-written, ATS-friendly resume to help you land more interviews",29,general,Text,Productivity,False,0,0,None,0
Chat With PDF by Copilot.us,https://copilot.us/apps/chat-with-pdf,copilot.us,us,10,"An AI app that enables dialogue with PDF documents, supporting interactions with multiple files simultaneously through language models",18,"code, chatbot, search",Text,Productivity,False,0,0,None,0
Recall,https://www.getrecall.ai/,getrecall.ai,ai,12,"Summarize Anything, Forget Nothing",4,general,Text,Productivity,False,0,0,None,0
Talently AI,https://interview.talently.ai/?utm_source=mahseema-awesome-ai-tool&utm_medium=c_and_p&utm_campaign=tool-listing,interview.talently.ai,ai,21,"An Al interviewer that conducts live, conversational interviews and gives real-time evaluations to effortlessly identify top performers and scale your recruitment process",22,chatbot,Text,Productivity,False,0,0,None,0
TailorTask,https://wwww.tailortask.ai,wtailortask.ai,ai,14,"Automate any boring and repetitive task, without having to learn a new tool",13,general,Text,Productivity,False,0,0,None,0
AnkiDecks AI,https://anki-decks.com,anki-decks.com,com,14,Create Flashcards 10x faster. Generate Anki Flashcards from any File or Text with AI,14,text,Text,Productivity,False,0,0,None,0
AI for Google Slides,https://www.aiforgoogleslides.com/,aiforgoogleslides.com,com,21,AI presentation maker for Google Slides,6,general,Text,Productivity,False,0,0,None,0
FARSITE,https://far.site/,far.site,site,8,AI-powered Compliance Software for U.S. Government Contractors,7,general,Text,Productivity,False,0,0,None,0
GOSH,https://gosh.app,gosh.app,app,8,Free AI Price Tracker - Track any price of any product at any store using AI,16,general,Text,Productivity,False,0,0,None,0
MindPal,https://mindpal.space/,mindpal.space,space,13,Build your AI Second Brain with a team of AI agents and multi-agent workflow,14,agent,Text,Productivity,False,0,0,None,0
fabric,https://github.com/danielmiessler/fabric/,github.com,com,10,Apply AI to everyday challenges in the comfort of your terminal. Help’s to get better results with tried and tested library of prompt pattern’s,24,general,Text,Productivity,True,42377,4172,Go,59
Riffo,https://riffo.ai/,riffo.ai,ai,8,An AI-powered file management tool for bulk renaming and automatic folder organization,12,general,Text,Productivity,False,0,0,None,0
SlidesWizard,https://slideswizard.io,slideswizard.io,io,15,Create Presentations 10x faster. Generate PowerPoint and Google Slides presentations about any topic with AI,15,general,Text,Productivity,False,0,0,None,0
Transgate,https://transgate.ai/,transgate.ai,ai,12,AI Speech to Text,4,"audio, text",Text,Productivity,False,0,0,None,0
RabbitHoles AI,https://www.rabbitholes.ai/,rabbitholes.ai,ai,14,Chat with AI on an Infinite Canvas,7,chatbot,Text,Productivity,False,0,0,None,0
Rember,https://www.rember.com/,rember.com,com,10,A simple yet powerful spaced repetition system designed to help you remember more,13,general,Text,Productivity,False,0,0,None,0
Qurate,https://qurate.appcradle.net/,qurate.appcradle.net,net,20,"AI Quote Companion, which can help in finding relavant quotes according to the context",14,general,Text,Productivity,False,0,0,None,0
FirmOS,https://www.firmos.ai/,firmos.ai,ai,9,AI-Powered Automation for Accounting Firms,5,agent,Text,Productivity,False,0,0,None,0
Whisper API,https://whisper-api.com,whisper-api.com,com,15,"Whisper API is a Transcription API Powered By OpenAI Whisper model. Get 5 free transcriptions daily (no duration limits) with robust control over the model's parameters like size, temperature, beam size and more",33,general,Text,Productivity,False,0,0,None,0
Smmry,https://smmry.com/,smmry.com,com,9,Summarize Long Content Into Clear Insights,6,general,Text,Productivity,False,0,0,None,0
Nudge AI,https://getnudgeai.com/,getnudgeai.com,com,14,Ambient AI Scribe for Healthcare,5,general,Text,Productivity,False,0,0,None,0
Summara,https://summara.io/,summara.io,io,10,YouTube AI Summary and Transcript widget,6,general,Text,Productivity,False,0,0,None,0
Mocha,https://getmocha.com,getmocha.com,com,12,AI app builder,3,general,Text,Productivity,False,0,0,None,0
Marblism,https://marblism.com,marblism.com,com,12,AI Employees for your business,5,general,Text,Productivity,False,0,0,None,0
Spell,https://spellapp.com,spellapp.com,com,12,Spell is the AI alternative to Google Docs,8,general,Text,Productivity,False,0,0,None,0
Kosmik,https://www.kosmik.app,kosmik.app,app,10,AI moodboarding platform,3,general,Text,Productivity,False,0,0,None,0
Magic Potion,https://www.magicpotion.app,magicpotion.app,app,15,Visual AI Prompt Editor,4,general,Text,Productivity,False,0,0,None,0
MinusX,https://minusx.ai/,minusx.ai,ai,9,Have an AI Analyst answer all your data questions reliably on Metabase,12,general,Text,Productivity,False,0,0,None,0
Excelmatic,https://excelmatic.ai,excelmatic.ai,ai,13,"AI-Powered Excel Data Analysis and Visualization, Skip the functions—just upload, chat, and watch your data turn into insights and visuals",20,chatbot,Text,Productivity,False,0,0,None,0
Langfa.st,https://langfa.st/,langfa.st,st,9,"A fast, no-signup playground to test and share AI prompt templates",11,general,Text,Productivity,False,0,0,None,0
SalesAgent Chat,https://www.salesagent.chat,salesagent.chat,chat,15,AI Sales Coach & Copilot for real-time support,8,"code, chatbot, marketing",Text,Productivity,False,0,0,None,0
ReBillion.ai,https://tc.rebillion.ai/,tc.rebillion.ai,ai,15,AI-powered transaction coordination and workflow automation for real estate professionals,10,agent,Text,Productivity,False,0,0,None,0
Perch Reader,https://perch.app/,perch.app,app,9,Free blog and newsletter aggregator with AI summaries and text-to-speech,10,"audio, text",Text,Productivity,False,0,0,None,0
X-doc AI,https://x-doc.ai/,x-doc.ai,ai,8,The most accurate AI translator,5,general,Text,Productivity,False,0,0,None,0
Otter.ai,https://otter.ai/,otter.ai,ai,8,"A meeting assistant that records audio, writes notes, automatically captures slides, and generates summaries",14,"audio, chatbot, productivity",Text,Meeting assistants,False,0,0,None,0
Cogram,https://www.cogram.com/,cogram.com,com,10,Cogram takes automatic notes in virtual meetings and identifies action items,11,productivity,Text,Meeting assistants,False,0,0,None,0
Sybill,https://www.sybill.ai/,sybill.ai,ai,9,"Sybill generates summaries of sales calls, including next steps, pain points and areas of interest, by combining transcript and emotion-based insights",21,marketing,Text,Meeting assistants,False,0,0,None,0
Loopin AI,https://www.loopinhq.com/,loopinhq.com,com,12,"Loopin is a collaborative meeting workspace that not only enables you to record, transcribe & summaries meetings using AI, but also enables you to auto-organise meeting notes on top of your calendar",32,productivity,Text,Meeting assistants,False,0,0,None,0
Scribbl,https://www.scribbl.co,scribbl.co,co,10,AI Meeting Notes,3,productivity,Text,Meeting assistants,False,0,0,None,0
Elicit,https://elicit.org/,elicit.org,org,10,"Elicit uses language models to help you automate research workflows, like parts of literature review",15,general,Text,Academia,False,0,0,None,0
genei,https://www.genei.io/,genei.io,io,8,Summarise academic articles in seconds and save 80% on your research times,12,general,Text,Academia,False,0,0,None,0
Explainpaper,https://www.explainpaper.com/,explainpaper.com,com,16,"A better way to read academic papers. Upload a paper, highlight confusing text, get an explanation",16,text,Text,Academia,False,0,0,None,0
Galactica,https://galactica.org/,galactica.org,org,13,"A large language model for science. Can summarize academic literature, solve math problems, generate Wiki articles, write scientific code, annotate molecules and proteins, and more. [Model API](https://github.com/paperswithcode/galai)",27,"text, code",Text,Academia,False,0,0,None,0
Consensus,https://consensus.app/search/,consensus.app,app,13,Consensus is a search engine that uses AI to find answers in scientific research,14,search,Text,Academia,False,0,0,None,0
Sourcely,https://www.sourcely.net/,sourcely.net,net,12,Academic Citation Finding Tool with AI,6,general,Text,Academia,False,0,0,None,0
SciSpace,https://scispace.com/,scispace.com,com,12,AI Chat for scientific PDFs,5,chatbot,Text,Academia,False,0,0,None,0
NotebookLM,https://notebooklm.google.com/,notebooklm.google.com,com,21,"AI Chat on your own document, link and text resources",10,"text, chatbot, search",Text,Academia,False,0,0,None,0
Mathos AI,https://www.mathgptpro.com/,mathgptpro.com,com,14,"Best AI math solver, calculator & tutor",7,general,Text,Academia,False,0,0,None,0
SiteGPT,https://sitegpt.ai/?ref=mahseema-awesome-ai-tools,sitegpt.ai,ai,10,Make AI your expert customer support agent,7,agent,Text,Customer Support,False,0,0,None,0
GPTHelp.ai,https://gpthelp.ai/?ref=mahseema-awesome-ai-tools,gpthelp.ai,ai,10,ChatGPT for your website / AI customer support chatbot,9,chatbot,Text,Customer Support,False,0,0,None,0
SiteSpeakAI,https://sitespeak.ai,sitespeak.ai,ai,12,Automate your customer support with AI,6,general,Text,Customer Support,False,0,0,None,0
Dear AI,https://www.dearai.online,dearai.online,online,13,Supercharge Customer Services and boost sales with AI Chatbot,9,"chatbot, marketing",Text,Customer Support,False,0,0,None,0
Inline Help,https://inlinehelp.com,inlinehelp.com,com,14,Answer customer questions before they ask,6,general,Text,Customer Support,False,0,0,None,0
Aidbase,https://www.aidbase.ai,aidbase.ai,ai,10,AI-Powered Support for your SaaS startup,6,general,Text,Customer Support,False,0,0,None,0
Twig,https://www.twig.so/,twig.so,so,7,"Twig is an AI assistant that resolves customer issues instantly, supporting both users and support agents 24/7",17,"chatbot, agent",Text,Customer Support,False,0,0,None,0
EmailTriager,https://www.emailtriager.com/,emailtriager.com,com,16,Use AI to automatically draft email replies in the background,10,productivity,Text,Other text generators,False,0,0,None,0
AI Poem Generator,https://www.aipoemgenerator.org,aipoemgenerator.org,org,19,"AI Poem Generator writes a beautiful rhyming poem for you on any subject, given a text prompt",17,text,Text,Other text generators,False,0,0,None,0
Never Jobless LinkedIn Message Generator,https://neverjobless.com/?ref=mahseema-awesome-ai-tools,neverjobless.com,com,16,Maximize Your Interview Chances with AI-Powered LinkedIn Messaging,8,general,Text,Other text generators,False,0,0,None,0
Ollama,https://ollama.com/,ollama.com,com,10,Load and run large LLMs locally to use in your terminal or build your apps,15,general,Text,Developer tools,False,0,0,None,0
co:here,https://cohere.ai/,cohere.ai,ai,9,Cohere provides access to advanced Large Language Models and NLP tools,11,general,Text,Developer tools,False,0,0,None,0
Haystack,https://haystack.deepset.ai/,haystack.deepset.ai,ai,19,"A framework for building NLP applications (e.g. agents, semantic search, question-answering) with language models",14,"agent, search",Text,Developer tools,False,0,0,None,0
Keploy,https://keploy.io/,keploy.io,io,9,Open source Tool for converting user traffic to Test Cases and Data Stubs,13,general,Text,Developer tools,False,0,0,None,0
LangChain,https://langchain.com/,langchain.com,com,13,A framework for developing applications powered by language models,9,general,Text,Developer tools,False,0,0,None,0
Portia AI,https://www.portialabs.ai/,portialabs.ai,ai,13,"Open source framework for building agents that pre-express their planned actions, share their progress and can be interrupted by a human. [#opensource](https://github.com/portiaAI/portia-sdk-python)",22,"code, agent",Text,Developer tools,False,0,0,None,0
gpt4all,https://github.com/nomic-ai/gpt4all,github.com,com,10,"A chatbot trained on a massive collection of clean assistant data including code, stories, and dialogue",16,"code, chatbot",Text,Developer tools,True,77373,8321,C++,762
LMQL,https://lmql.ai/,lmql.ai,ai,7,LMQL is a query language for large language models,9,search,Text,Developer tools,False,0,0,None,0
LlamaIndex,https://www.llamaindex.ai/,llamaindex.ai,ai,13,A data framework for building LLM applications over external data,10,general,Text,Developer tools,False,0,0,None,0
Langfuse,https://langfuse.com/,langfuse.com,com,12,"Open-source LLM engineering platform that helps teams collaboratively debug, analyze, and iterate on their LLM applications. [#opensource](https://github.com/langfuse/langfuse)",17,code,Text,Developer tools,False,0,0,None,0
Phoenix,https://phoenix.arize.com/,phoenix.arize.com,com,17,"Open-source tool for ML observability that runs in your notebook environment, by Arize. Monitor and fine-tune LLM, CV, and tabular models",21,general,Text,Developer tools,False,0,0,None,0
Prediction Guard,https://www.predictionguard.com/,predictionguard.com,com,19,"Seamlessly integrate private, controlled, and compliant Large Language Models (LLM) functionality",11,general,Text,Developer tools,False,0,0,None,0
Portkey,https://portkey.ai/,portkey.ai,ai,10,"Full-stack LLMOps platform to monitor, manage, and improve LLM-based apps",10,general,Text,Developer tools,False,0,0,None,0
OpenAI Downtime Monitor,https://status.portkey.ai/,status.portkey.ai,ai,17,Free tool that tracks API uptime and latencies for various OpenAI models and other LLM providers,16,general,Text,Developer tools,False,0,0,None,0
ChatWithCloud,https://chatwithcloud.ai/,chatwithcloud.ai,ai,16,CLI allowing you to interact with AWS Cloud using human language inside your Terminal,14,general,Text,Developer tools,False,0,0,None,0
SinglebaseCloud,https://singlebase.cloud,singlebase.cloud,cloud,16,"AI-powered backend platform with Vector DB, DocumentDB, Auth, and more to speed up app development",15,general,Text,Developer tools,False,0,0,None,0
Maxim AI,https://www.getmaxim.ai/,getmaxim.ai,ai,11,"A generative AI evaluation and observability platform, empowering modern AI teams to ship products with quality, reliability, and speed",19,general,Text,Developer tools,False,0,0,None,0
Wordware,https://www.wordware.ai,wordware.ai,ai,11,A web-hosted IDE where non-technical domain experts work with AI Engineers to build task-specific AI agents. It approaches prompting as a new programming language rather than low/no-code blocks,28,"code, agent",Text,Developer tools,False,0,0,None,0
CodeRabbit,https://coderabbit.ai/,coderabbit.ai,ai,13,An AI-powered code review tool that helps developers improve code quality and productivity,13,"code, productivity",Text,Developer tools,False,0,0,None,0
Pagerly,https://www.pagerly.io,pagerly.io,io,10,Your Operations Co-pilot on Slack/Teams. It assists and prompts oncall with relevant information to debug issues,16,general,Text,Developer tools,False,0,0,None,0
Hexabot,https://hexabot.ai,hexabot.ai,ai,10,"A Open-source No-Code tool to build your AI Chatbot / Agent (multi-lingual, multi-channel, LLM, NLU, + ability to develop custom extensions)",21,"code, chatbot, agent",Text,Developer tools,False,0,0,None,0
Plandex,https://github.com/plandex-ai/plandex,github.com,com,10,"Open source, terminal-based AI programming engine for complex tasks",9,"code, productivity",Text,Developer tools,True,15453,1143,Go,56
AI/ML API,https://aimlapi.com/?utm_source=github+of+altern.ai,aimlapi.com,com,11,AI/ML API gives developers access to 100+ AI models with one API,12,general,Text,Developer tools,False,0,0,None,0
Callstack.ai PR Reviewer,https://callstack.ai/pr-reviewer,callstack.ai,ai,12,"Automated Code Reviews: Find Bugs, Fix Security Issues, and Speed Up Performance",12,"code, search",Text,Developer tools,False,0,0,None,0
Opik,https://www.comet.com/site/products/opik/,comet.com,com,9,"Evaluate, test, and ship LLM applications with a suite of observability tools to calibrate language model outputs across your dev and production lifecycle",23,general,Text,Developer tools,False,0,0,None,0
Kiln,https://getkiln.ai,getkiln.ai,ai,10,"Intuitive app to build your own AI models. Includes no-code synthetic data generation, fine-tuning, dataset collaboration, and more",18,code,Text,Developer tools,False,0,0,None,0
Calmo,https://getcalmo.com/,getcalmo.com,com,12,Debug Production x10 Faster with AI,6,general,Text,Developer tools,False,0,0,None,0
Cleanlab,https://help.cleanlab.ai/tlm/,help.cleanlab.ai,ai,16,Detect and remediate hallucinations in any LLM application,8,general,Text,Developer tools,False,0,0,None,0
Amazon Q Developer CLI,https://docs.aws.amazon.com/amazonq/latest/qdeveloper-ug/command-line.html?trk=fd6bb27a-13b0-4286-8269-c7b1cfaa29f0&sc_channel=el,docs.aws.amazon.com,com,19,"CLI that provides command completion, command translation using generative AI to translate intent to commands, and a full agentic chat interface with context management that helps you write code",29,"text, code, chatbot",Text,Developer tools,False,0,0,None,0
Agentic Radar,https://github.com/splx-ai/agentic-radar,github.com,com,10,Open-source CLI security scanner for agentic workflows,7,agent,Text,Developer tools,True,979,131,Python,15
VoltAgent,https://github.com/voltagent/voltagent,github.com,com,10,"A TypeScript framework for building and running AI agents with tools, memory, and visibility",14,agent,Text,Developer tools,True,9614,996,TypeScript,57
Notte,https://github.com/nottelabs/notte,github.com,com,10,"Notte is the fastest, most reliable Browser Using Agents framework",10,agent,Text,Developer tools,True,1975,184,Python,16
TensorZero,https://www.tensorzero.com/,tensorzero.com,com,14,"An open-source framework for building production-grade LLM applications. It unifies an LLM gateway, observability, optimization, evaluations, and experimentation",18,general,Text,Developer tools,False,0,0,None,0
StarOps,https://ingenimax.ai,ingenimax.ai,ai,12,AI Platform Engineer,3,general,Text,Developer tools,False,0,0,None,0
AgentDock,https://agentdock.ai,agentdock.ai,ai,12,Unified infrastructure for AI agents and automation. One API key for all services instead of managing dozens. Build production-ready agents without operational complexity,23,agent,Text,Developer tools,False,0,0,None,0
Codeflash,https://www.codeflash.ai/,codeflash.ai,ai,12,Ship Blazing-Fast Python Code — Every Time,7,code,Text,Developer tools,False,0,0,None,0
Rysa AI,https://www.rysa.ai,rysa.ai,ai,7,AI GTM Automation Agent,4,agent,Text,Developer tools,False,0,0,None,0
Agenta,https://agenta.ai/,agenta.ai,ai,9,"Open-source LLMOps platform for prompt management, LLM evaluation, and observability. Build, evaluate, and monitor production-grade LLM applications. [#opensource](https://github.com/agenta-ai/agenta)",18,code,Text,Developer tools,False,0,0,None,0
GitHub Copilot,https://github.com/features/copilot,github.com,com,10,"GitHub Copilot uses the OpenAI Codex to suggest code and entire functions in real-time, right from your editor",18,code,Code,General,True,0,0,None,0
poorcoder,https://github.com/vgrichina/poorcoder,github.com,com,10,Lightweight Bash scripts that enhance your terminal coding workflow with web-based AI assistants like Claude or Grok without disrupting your development process,22,"code, agent",Code,General,True,56,4,Shell,0
OpenAI Codex,https://platform.openai.com/docs/guides/code/,platform.openai.com,com,19,An AI system by OpenAI that translates natural language to code,11,code,Code,General,False,0,0,None,0
Ghostwriter,https://blog.replit.com/ai,blog.replit.com,com,15,An AI-powered pair programmer by Replit,6,general,Code,General,False,0,0,None,0
Amazon Q Developer,[https://aws.amazon.com/codewhisperer/](https://aws.amazon.com/q/developer/build/?trk=fd6bb27a-13b0-4286-8269-c7b1cfaa29f0&sc_channel=el),Unknown,Unknown,7,AI coding assistant with extensions for IDEs such as VS Code and IntelliJ IDEA that provides both chat and agentic workflows,21,"code, chatbot",Code,General,False,0,0,None,0
Amazon CodeWhisperer,https://aws.amazon.com/codewhisperer/,aws.amazon.com,com,14,Build applications faster with the ML-powered coding companion,8,code,Code,General,False,0,0,None,0
tabnine,https://www.tabnine.com/,tabnine.com,com,11,Code faster with whole-line & full-function code completions,8,code,Code,General,False,0,0,None,0
Stenography,https://stenography.dev/,stenography.dev,dev,15,Automatic code documentation,3,code,Code,General,False,0,0,None,0
Mintlify,https://mintlify.com/,mintlify.com,com,12,AI powered documentation writer,4,general,Code,General,False,0,0,None,0
Debuild,https://debuild.app/,debuild.app,app,11,AI-powered low-code tool for web apps,6,code,Code,General,False,0,0,None,0
AI2sql,https://www.ai2sql.io/,ai2sql.io,io,9,"With AI2sql, engineers and non-engineers can easily write efficient, error-free SQL queries without knowing SQL",15,text,Code,General,False,0,0,None,0
CodiumAI,https://www.codium.ai/,codium.ai,ai,9,"With CodiumAI, you get non-trivial tests suggested right inside your IDE, so you stay confident when you push",18,general,Code,General,False,0,0,None,0
PR-Agent,https://github.com/Codium-ai/pr-agent,github.com,com,10,"AI-powered tool for automated PR analysis, feedback, suggestions, and more",10,agent,Code,General,True,11611,1556,Python,163
MutableAI,https://mutable.ai/,mutable.ai,ai,10,AI Accelerated Software Development,4,general,Code,General,False,0,0,None,0
TurboPilot,https://github.com/ravenscroftj/turbopilot,github.com,com,10,A self-hosted copilot clone that uses the library behind llama.cpp to run the 6 billion parameter Salesforce Codegen model in 4 GB of RAM,24,code,Code,General,True,3790,122,C++,18
GPT-Code UI,https://github.com/ricklamers/gpt-code-ui,github.com,com,10,An open-source implementation of OpenAI's ChatGPT Code interpreter,8,"code, chatbot",Code,General,True,3542,430,Python,10
MetaGPT,https://github.com/geekan/MetaGPT,github.com,com,10,"The Multi-Agent Framework: Given one line Requirement, return PRD, Design, Tasks, Repo",12,"image, agent, productivity",Code,General,True,68829,8793,Python,128
MutahunterAI,https://github.com/codeintegrity-ai/mutahunter,github.com,com,10,Accelerate developer productivity and code security with our open-source AI,10,"code, productivity",Code,General,True,295,26,Python,2
AI Kernel Explorer,https://github.com/mathiscode/ai-kernel-explorer,github.com,com,10,Explore the Linux kernel source code with AI-generated summaries,9,"code, search",Code,General,True,32,3,Python,1
WhoDB,https://github.com/clidey/whodb,github.com,com,10,SQL/NoSQL/Graph/Cache/Object data explorer with AI-powered chat + other useful features,10,"chatbot, search",Code,General,True,4854,212,Go,22
FlexApp,https://flexapp.ai/,flexapp.ai,ai,10,"Build mobile apps with AI, not code",7,code,Code,General,False,0,0,None,0
Kilo Code,https://kilocode.ai,kilocode.ai,ai,11,"Open Source AI coding assistant for planning, building, and fixing code inside VS Code",14,"code, chatbot",Code,General,False,0,0,None,0
Capacity,https://capacity.so,capacity.so,so,11,Capacity lets you turn your ideas into fully functional web apps in minutes using AI,15,general,Code,General,False,0,0,None,0
Runcell,https://runcell.dev,runcell.dev,dev,11,"AI Agent Extension for Jupyter Lab, Agent that can code, execute, analysis cell result, etc in Jupyter",17,"code, agent",Code,General,False,0,0,None,0
Manifest,https://github.com/mnfst/manifest,github.com,com,10,An alternative to Supabase for AI Code editors and Vibe Coding tools,12,code,Code,General,True,6978,439,TypeScript,99
DataPup,https://github.com/DataPupOrg/DataPup,github.com,com,10,Database client with AI-powered query assistance to generate context based queries,11,search,Code,General,True,311,42,TypeScript,20
Gito,https://github.com/Nayjest/Gito,github.com,com,10,"AI code reviewer for GitHub Actions or local use, compatible with any LLM and integrated with Jira/Linear",17,code,Code,General,True,368,30,Python,64
DALL·E 2,https://openai.com/dall-e-2/,openai.com,com,10,DALL·E 2 by OpenAI is a new AI system that can create realistic images and art from a description in natural language,22,image,Image,Models,False,0,0,None,0
Stable Diffusion,https://huggingface.co/CompVis/stable-diffusion-v1-4,huggingface.co,co,14,Stable Diffusion by Stability AI is a state-of-the-art text-to-image model that generates images from text. #opensource,16,"image, text",Image,Models,False,0,0,None,0
Midjourney,https://www.midjourney.com/,midjourney.com,com,14,Midjourney is an independent research lab exploring new mediums of thought and expanding the imaginative powers of the human species,20,general,Image,Models,False,0,0,None,0
Imagen,https://imagen.research.google/,imagen.research.google,google,22,Imagen by Google is a text-to-image diffusion model with an unprecedented degree of photorealism and a deep level of language understanding,21,"image, text",Image,Models,False,0,0,None,0
Make-A-Scene,https://ai.facebook.com/blog/greater-creative-control-for-ai-image-generation/,ai.facebook.com,com,15,Make-A-Scene by Meta is a multimodal generative AI method puts creative control in the hands of people who use it by allowing them to describe and illustrate their vision through both text descriptions and freeform sketches,36,text,Image,Models,False,0,0,None,0
DragGAN,https://github.com/XingangPan/DragGAN,github.com,com,10,Drag Your GAN: Interactive Point-based Manipulation on the Generative Image Manifold,11,image,Image,Models,True,35824,3420,Python,153
Canva,https://www.canva.com/,canva.com,com,9,Generate and Edit your Pictures with the help of AI,10,general,Image,Models,False,0,0,None,0
Craiyon,https://www.craiyon.com/,craiyon.com,com,11,"Craiyon, formerly DALL-E mini, is an AI model that can draw images from any text prompt",16,text,Image,Services,False,0,0,None,0
DreamStudio,https://beta.dreamstudio.ai/,beta.dreamstudio.ai,ai,19,DreamStudio is an easy-to-use interface for creating images using the Stable Diffusion image generation model,15,image,Image,Services,False,0,0,None,0
Artbreeder,https://www.artbreeder.com/,artbreeder.com,com,14,Artbreeder is a new type of creative tool that empowers users creativity by making it easier to collaborate and explore,20,general,Image,Services,False,0,0,None,0
GauGAN2,http://gaugan.org/gaugan2/,gaugan.org,org,10,"GauGAN2 is a robust tool for creating photorealistic art using a combination of words and drawings since it integrates segmentation mapping, inpainting, and text-to-image production in a single model",29,"image, text",Image,Services,False,0,0,None,0
Magic Eraser,https://www.magiceraser.io/,magiceraser.io,io,14,Remove unwanted things from images in seconds,7,general,Image,Services,False,0,0,None,0
Imagine by Magic Studio,https://magicstudio.com/imagine,magicstudio.com,com,15,A tool by Magic Studio that let's you express yourself by just describing what's on your mind,17,general,Image,Services,False,0,0,None,0
Alpaca,https://www.getalpaca.io/,getalpaca.io,io,12,Stable Diffusion Photoshop plugin,4,image,Image,Services,False,0,0,None,0
Patience.ai,https://www.patience.ai/,patience.ai,ai,11,"Patience.ai is an app for creating images with Stable Diffusion, a cutting-edge AI developed by Stability.AI",16,image,Image,Services,False,0,0,None,0
GenShare,https://www.genshare.io/,genshare.io,io,11,"Generate art in seconds for free. Own and share what you create. A multimedia generative studio, democratizing design and creativity",20,image,Image,Services,False,0,0,None,0
Playground AI,https://playgroundai.com/,playgroundai.com,com,16,"Playground AI is a free-to-use online AI image creator. Use it to create art, social media posts, presentations, posters, videos, logos and more",23,"image, marketing",Image,Services,False,0,0,None,0
Pixelz AI Art Generator,https://pixelz.ai/,pixelz.ai,ai,9,"Pixelz AI Art Generator enables you to create incredible art from text. Stable Diffusion, CLIP Guided Diffusion & PXL·E realistic algorithms available",22,"image, video, text",Image,Services,False,0,0,None,0
modyfi,https://www.modyfi.io/,modyfi.io,io,9,The image editor you've always wanted. AI-powered creative tools in your browser. Real-time collaboration,14,image,Image,Services,False,0,0,None,0
Ponzu,https://www.ponzu.ai/,ponzu.ai,ai,8,"Ponzu is your free AI logo generator. Build your brand with creatively designed logos in seconds, using only your imagination",20,general,Image,Services,False,0,0,None,0
PhotoRoom,https://www.photoroom.com/,photoroom.com,com,13,"Create product and portrait pictures using only your phone. Remove background, change background and showcase products",16,general,Image,Services,False,0,0,None,0
PhotoGuruAI,https://photoguruai.com/,photoguruai.com,com,15,Create professional AI Headshots in various styles,7,general,Image,Services,False,0,0,None,0
Avatar AI,https://avatarai.me/,avatarai.me,me,11,Create your own AI-generated avatars,5,general,Image,Services,False,0,0,None,0
ClipDrop,https://clipdrop.co/,clipdrop.co,co,11,"Create professional visuals without a photo studio, powered by [stability.ai](https://stability.ai/)",10,image,Image,Services,False,0,0,None,0
Lensa,https://prisma-ai.com/lensa,prisma-ai.com,com,13,An all-in-one image editing app that includes the generation of personalized avatars using Stable Diffusion,15,image,Image,Services,False,0,0,None,0
RunDiffusion,https://rundiffusion.com/,rundiffusion.com,com,16,Cloud-based workspace for creating AI-generated art,6,image,Image,Services,False,0,0,None,0
Human Generator,https://generated.photos/human-generator,generated.photos,photos,16,AI generator or realistic looking photos of humans,8,general,Image,Services,False,0,0,None,0
VectorArt.ai,https://vectorart.ai,vectorart.ai,ai,12,Create vector images with AI,5,general,Image,Services,False,0,0,None,0
StockPhotoAI.net,https://www.stockphotoai.net/?ref=mahseema-awesome-ai-tools,stockphotoai.net,net,16,"Great stock photos, made for you",6,general,Image,Services,False,0,0,None,0
Room Reinvented,https://roomreinvented.com,roomreinvented.com,com,18,Transform your room effortlessly with Room Reinvented! Upload a photo and let AI create over 30 stunning interior styles. Elevate your space today,23,image,Image,Services,False,0,0,None,0
Gensbot,https://gensbot.com,gensbot.com,com,11,Gensbot uses AI to craft personalised printed merchandise. One prompt creates one unique product to fit your needs,18,general,Image,Services,False,0,0,None,0
PlantPhotoAI,https://www.plantphotoai.com/,plantphotoai.com,com,16,free AI-generated plant images,4,general,Image,Services,False,0,0,None,0
RepublicLabs.AI,https://republiclabs.ai/,republiclabs.ai,ai,15,"multi-model simultaneous generation from a single prompt, fully unrestricted and packed with the latest greatest AI models",17,general,Image,Services,False,0,0,None,0
Black Headshots,https://www.blackheadshots.com,blackheadshots.com,com,18,AI headshots generator for black professionals,6,general,Image,Services,False,0,0,None,0
Pixvify AI,https://pixvify.com/,pixvify.com,com,11,Free realistic AI photo generator platform,6,image,Image,Services,False,0,0,None,0
Pawtrait,https://www.pawtrait.art/,pawtrait.art,art,12,AI Pet Portraits,3,general,Image,Services,False,0,0,None,0
iColoring,https://icoloring.ai,icoloring.ai,ai,12,Free AI Coloring Pages Generator,5,general,Image,Services,False,0,0,None,0
Suit me Up,https://suitmeup.pictures/,suitmeup.pictures,pictures,17,Generate pictures of you wearing a suit with AI,9,general,Image,Services,False,0,0,None,0
AI Photo Forge,https://aiphotoforge.com/,aiphotoforge.com,com,16,A Telegram bot to generate AI pictures of you,9,image,Image,Services,False,0,0,None,0
AI Boost,https://boost.pictures/,boost.pictures,pictures,14,"All-in-one service for creating and editing images with AI: upscale images, swap faces, generate new visuals and avatars, try on outfits, reshape body contours, change backgrounds, retouch faces, and even test out tattoos",33,general,Image,Services,False,0,0,None,0
PlantTattoosAI,https://www.planttattoosai.com/,planttattoosai.com,com,18,Plant and flower tattoos designs generator trained on real botanicals,10,general,Image,Services,False,0,0,None,0
Brandmark,https://brandmark.io/,brandmark.io,io,12,AI-based logo design tool,4,image,Image,Graphic design,False,0,0,None,0
Gamma,https://gamma.app/,gamma.app,app,9,Create beautiful presentations and webpages with none of the formatting and design work,13,image,Image,Graphic design,False,0,0,None,0
Microsoft Designer,https://designer.microsoft.com/,designer.microsoft.com,com,22,Stunning designs in a flash,5,general,Image,Graphic design,False,0,0,None,0
SVGStud.io,https://svgstud.io/,svgstud.io,io,10,AI-based SVG Generation and Semantic Seach,6,general,Image,Graphic design,False,0,0,None,0
Text2Infographic,https://text2infographic.com/,text2infographic.com,com,20,AI infographic generator and editor,5,general,Image,Graphic design,False,0,0,None,0
Seede.ai,https://seede.ai/,seede.ai,ai,8,Create a stunning poster in just 1 minute with Seede,10,general,Image,Graphic design,False,0,0,None,0
Magic Patterns,https://www.magicpatterns.com/,magicpatterns.com,com,17,AI-based UI builder with Figma export and React code generation,10,code,Image,Graphic design,False,0,0,None,0
Lexica,https://lexica.art/,lexica.art,art,10,Stable Diffusion search engine,4,"image, search",Image,Image libraries,False,0,0,None,0
Libraire,https://libraire.ai/,libraire.ai,ai,11,The largest library of AI-generated images,6,general,Image,Image libraries,False,0,0,None,0
KREA,https://www.krea.ai/,krea.ai,ai,7,Explore millions of AI-generated images and create collections of prompts. Featuring Stable Diffusion generations,14,image,Image,Image libraries,False,0,0,None,0
OpenArt,https://openart.ai/,openart.ai,ai,10,"Search 10M+ of prompts, and generate AI art via Stable Diffusion, DALL·E 2",13,"image, search",Image,Image libraries,False,0,0,None,0
Phygital,https://app.phygital.plus/,app.phygital.plus,plus,17,"Built-in templates for generating or editing any pictures. Moreover, you can create your own design",15,image,Image,Image libraries,False,0,0,None,0
Civitai,https://civitai.com/,civitai.com,com,11,Community-driven AI model sharing tool,5,general,Image,Model libraries,False,0,0,None,0
Stable Diffusion Models,https://rentry.org/sdmodels,rentry.org,org,10,A comprehensive list of Stable Diffusion checkpoints on rentry.org,9,image,Image,Model libraries,False,0,0,None,0
Stable Horde,https://stablehorde.net/,stablehorde.net,net,15,A crowdsourced distributed cluster of Stable Diffusion workers,8,image,Image,Stable Diffusion resources,False,0,0,None,0
PublicPrompts,https://publicprompts.art/,publicprompts.art,art,17,A collection of free prompts for Stable Diffusion,8,image,Image,Stable Diffusion resources,False,0,0,None,0
Hugging Face Diffusion Models Course,https://github.com/huggingface/diffusion-models-class,github.com,com,10,Python materials for the online course on diffusion models by [@huggingface](https://github.com/huggingface),11,"image, code",Image,Stable Diffusion resources,True,4330,491,Jupyter Notebook,25
RunwayML,https://runwayml.com/,runwayml.com,com,12,"Magical AI tools, realtime collaboration, precision editing, and more. Your next-generation content creation suite",14,general,Video,General,False,0,0,None,0
Synthesia,https://www.synthesia.io/,synthesia.io,io,12,Create videos from plain text in minutes,7,text,Video,General,False,0,0,None,0
Rephrase AI,https://www.rephrase.ai/,rephrase.ai,ai,11,Rephrase's technology enables hyper-personalized video creation at scale that drive engagement and business efficiencies,14,video,Video,General,False,0,0,None,0
Hour One,https://hourone.ai/,hourone.ai,ai,10,"Turn text into video, featuring virtual presenters, automatically",8,"video, text",Video,General,False,0,0,None,0
D-ID,https://www.d-id.com/,d-id.com,com,8,Create and interact with talking avatars at the touch of a button,12,general,Video,General,False,0,0,None,0
ShortVideoGen,https://shortgen.video/,shortgen.video,video,14,Create short videos with audio using text prompts,8,"audio, text",Video,General,False,0,0,None,0
Clipwing,https://clipwing.pro/,clipwing.pro,pro,12,A tool for cutting long videos into dozens of short clips,11,general,Video,General,False,0,0,None,0
Recast Studio,https://recast.studio,recast.studio,studio,13,AI powered podcast marketing assistant,5,"audio, chatbot, marketing",Video,General,False,0,0,None,0
Based AI,https://www.basedlabs.ai/,basedlabs.ai,ai,12,AI Intuitive Interface for Video creating,6,video,Video,General,False,0,0,None,0
klingai,https://app.klingai.com/global/,app.klingai.com,com,15,AI creative studio boasts AI image and video generation capabilities,10,"image, video",Video,General,False,0,0,None,0
Sisif,https://sisif.ai/,sisif.ai,ai,8,AI Video Generator: Turn Text into Stunning Videos in Seconds,10,"video, text",Video,General,False,0,0,None,0
Descript Overdub,https://www.descript.com/overdub,descript.com,com,12,"[Review](https://theresanai.com/descript-overdub) - Seamlessly integrates with Descript’s transcription and editing tools, ideal for content creators needing quick voiceovers",17,general,Audio,AI Voice Cloning,False,0,0,None,0
Respeecher,https://www.respeecher.com/,respeecher.com,com,14,"[Review](https://theresanai.com/respeecher) -  A professional tool widely used in the entertainment industry to create emotion-rich, realistic voice clones",17,audio,Audio,AI Voice Cloning,False,0,0,None,0
ElevenLabs,https://elevenlabs.io/,elevenlabs.io,io,13,"[Review](https://theresanai.com/elevenlabs) - Known for ultra-realistic voice cloning and emotion modeling, setting a new standard in AI-driven voice synthesis",18,audio,Audio,AI Voice Cloning,False,0,0,None,0
Resemble AI,https://www.resemble.ai/,resemble.ai,ai,11,"[Review](https://theresanai.com/resemble-ai) - Offers real-time voice synthesis with customization options, making it versatile for both developers and creatives",17,audio,Audio,AI Voice Cloning,False,0,0,None,0
iSpeech,https://www.ispeech.org/,ispeech.org,org,11,[Review](https://theresanai.com/ispeech) - A versatile solution for corporate applications with support for a wide array of languages and voices,18,general,Audio,AI Voice Cloning,False,0,0,None,0
Veritone Voice,https://www.veritone.com/solutions/voice/,veritone.com,com,12,[Review](https://theresanai.com/veritone-voice) - Focuses on maintaining brand consistency with highly customizable voice cloning used in media and entertainment,17,audio,Audio,AI Voice Cloning,False,0,0,None,0
Microsoft Azure Neural TTS,https://azure.microsoft.com/en-us/services/cognitive-services/text-to-speech/,azure.microsoft.com,com,19,"Review - Scalable and highly customizable, ideal for integration into enterprise applications",12,audio,Audio,AI Voice Cloning,False,0,0,None,0
WellSaid Labs,https://www.wellsaidlabs.com/,wellsaidlabs.com,com,16,"[Review](https://theresanai.com/wellsaid-labs) - Gaining traction for its natural-sounding voiceovers, particularly in corporate training and e-learning",14,general,Audio,AI Voice Cloning,False,0,0,None,0
Lovo.ai,https://www.lovo.ai/,lovo.ai,ai,7,"[Review](https://theresanai.com/lovo-ai) - A compelling choice for creative professionals, especially useful in ads and explainer videos",15,marketing,Audio,AI Voice Cloning,False,0,0,None,0
Zenmic.com,https://zenmic.com,zenmic.com,com,10,An app to generate podcast eposode ( script + Audio ) using AI,13,"audio, code",Audio,AI Voice Cloning,False,0,0,None,0
Audify AI,https://audify-ai.ahmedtokyo.com,audify-ai.ahmedtokyo.com,com,24,"User-friendly platform for voice synthesis with customizable options and instructions, making it versatile for both developers and creatives",18,audio,Audio,AI Voice Cloning,False,0,0,None,0
TTS WebUI,https://github.com/rsxdalv/tts-generation-webui,github.com,com,10,"Open Source generative AI App for voice and music, supporting 15+ TTS models",13,audio,Audio,AI Voice Cloning,True,3170,323,TypeScript,108
Splash Pro,https://www.splashpro.com,splashpro.com,com,13,[Review](https://theresanai.com/splash-pro) - A versatile platform offering intuitive music creation tools for all skill levels,14,audio,Audio,AI Music Generators,False,0,0,None,0
AIVA,https://www.aiva.ai,aiva.ai,ai,7,[Review](https://theresanai.com/aiva) - AI composer specializing in classical and cinematic music creation,11,audio,Audio,AI Music Generators,False,0,0,None,0
Mubert,https://www.mubert.com,mubert.com,com,10,[Review](https://theresanai.com/mubert) - Real-time generative music tailored for different use cases,10,audio,Audio,AI Music Generators,False,0,0,None,0
Soundraw,https://soundraw.io,soundraw.io,io,11,[Review](https://theresanai.com/soundraw) - Allows users to customize music compositions based on mood and style,13,audio,Audio,AI Music Generators,False,0,0,None,0
Beatoven.ai,https://www.beatoven.ai,beatoven.ai,ai,11,[Review](https://theresanai.com/beatoven-ai) - AI-driven music generation focused on evoking specific emotions,10,audio,Audio,AI Music Generators,False,0,0,None,0
Boomy,https://www.boomy.com,boomy.com,com,9,[Review](https://theresanai.com/boomy) - Democratizes music creation with quick track generation and monetization,11,audio,Audio,AI Music Generators,False,0,0,None,0
Ecrett Music,https://www.ecrettmusic.com,ecrettmusic.com,com,15,"[Review](https://theresanai.com/ecrett-music) - Designed for video creators, offering royalty-free music",9,"video, audio",Audio,AI Music Generators,False,0,0,None,0
Loudly,https://www.loudly.com,loudly.com,com,10,[Review](https://theresanai.com/loudly) - Combines AI music generation with a social platform for collaboration,12,audio,Audio,AI Music Generators,False,0,0,None,0
Soundful,https://www.soundful.com,soundful.com,com,12,"[Review](https://theresanai.com/soundful) - High-quality, royalty-free music for content creators",8,audio,Audio,AI Music Generators,False,0,0,None,0
AI Music Generator,https://www.aisongmaker.io,aisongmaker.io,io,14,[Review](https://www.producthunt.com/products/ai-song-maker) - Effortlessly Create Songs with AI,7,audio,Audio,AI Music Generators,False,0,0,None,0
AICaller.io,https://aicaller.io/?ref=v,aicaller.io,io,11,"AICaller is a simple-to-use automated bulk calling solution that uses the latest Generative AI technology to trigger phone calls for you and get things done. It can do things like lead qualification, data gathering over phone calls, and much more. It comes with a powerful API, low cost pricing and free trial",52,general,Audio,Phone Calls,False,0,0,None,0
Cald.ai,https://cald.ai,cald.ai,ai,7,AI based calling agents for outbound and inbound phone calls,10,agent,Audio,Phone Calls,False,0,0,None,0
Rosie,https://heyrosie.com/,heyrosie.com,com,12,AI Phone Answering Service,4,general,Audio,Phone Calls,False,0,0,None,0
Eleven Labs,https://beta.elevenlabs.io/,beta.elevenlabs.io,io,18,AI voice generator,3,audio,Audio,Speech,False,0,0,None,0
WellSaid,https://wellsaidlabs.com/,wellsaidlabs.com,com,16,Convert text to voice in real time,7,"audio, text",Audio,Speech,False,0,0,None,0
Play.ht,https://play.ht/,play.ht,ht,7,AI Voice Generator. Generate realistic Text to Speech voice over online with AI. Convert text to audio,17,"audio, text",Audio,Speech,False,0,0,None,0
Coqui,https://coqui.ai/,coqui.ai,ai,8,Generative AI for Voice,4,audio,Audio,Speech,False,0,0,None,0
podcast.ai,https://podcast.ai/,podcast.ai,ai,10,"A podcast that is entirely generated by artificial intelligence, powered by Play.ht text-to-voice AI",14,"audio, text",Audio,Speech,False,0,0,None,0
VALL-E X,https://vallex-demo.github.io/,vallex-demo.github.io,io,21,A cross-lingual neural codec language model for cross-lingual speech synthesis,10,audio,Audio,Speech,False,0,0,None,0
TorToiSe,https://github.com/neonbjb/tortoise-tts,github.com,com,10,A multi-voice text-to-speech system trained with an emphasis on quality. #opensource,11,"audio, text",Audio,Speech,True,14860,2045,Jupyter Notebook,348
Bark,https://github.com/suno-ai/bark,github.com,com,10,A transformer-based text-to-audio model. #opensource,5,"audio, text",Audio,Speech,True,39160,4682,Jupyter Notebook,269
CustomPod.io,https://custompod.io,custompod.io,io,12,Generate daily news podcasts only on the topics you care about,11,general,Audio,Speech,False,0,0,None,0
EKHOS AI,https://ekhos.ai,ekhos.ai,ai,8,An AI speech-to-text software with powerful proofreading features. Transcribe most audio or video files with real-time recording and transcription,19,"video, audio, text",Audio,Speech,False,0,0,None,0
Harmonai,https://www.harmonai.org/,harmonai.org,org,12,We are a community-driven organization releasing open-source generative audio tools to make music production more accessible and fun for everyone,20,audio,Audio,Music,False,0,0,None,0
MusicLM,https://google-research.github.io/seanet/musiclm/examples/,google-research.github.io,io,25,A model by Google Research for generating high-fidelity music from text descriptions,12,"audio, text",Audio,Music,False,0,0,None,0
Remusic,https://remusic.ai/en,remusic.ai,ai,10,AI Music Generator and Music Learning Platform Online Free,9,audio,Audio,Music,False,0,0,None,0
Taranify,https://www.taranify.com,taranify.com,com,12,"Using AI, Taranify finds you Spotify playlists, Netflix shows, Books & Foods you'd enjoy when you don't exactly know what you want",22,general,Other,General,False,0,0,None,0
Diagram,https://diagram.com/,diagram.com,com,11,Magical new ways to design products,6,image,Other,General,False,0,0,None,0
PromptBase,https://promptbase.com/,promptbase.com,com,14,"A marketplace for buying and selling quality prompts for DALL·E, GPT-3, Midjourney, Stable Diffusion",14,"image, chatbot",Other,General,False,0,0,None,0
This Image Does Not Exist,https://thisimagedoesnotexist.com/,thisimagedoesnotexist.com,com,25,Test your ability to tell if an image is human or computer generated,13,image,Other,General,False,0,0,None,0
Have I Been Trained?,https://haveibeentrained.com/,haveibeentrained.com,com,20,Check if your image has been used to train popular AI art models,13,image,Other,General,False,0,0,None,0
AI Dungeon,https://aidungeon.io/,aidungeon.io,io,12,A text-based adventure-story game you direct (and star in) while the AI brings it to life,16,text,Other,General,False,0,0,None,0
Clickable,https://www.clickable.so/,clickable.so,so,12,"Generate ads in seconds with AI. Beautiful, brand-consistent, and highly converting ads for all marketing channels",16,marketing,Other,General,False,0,0,None,0
Scale Spellbook,https://scale.com/spellbook,scale.com,com,9,"Build, compare, and deploy large language model apps with Scale Spellbook",11,general,Other,General,False,0,0,None,0
Scenario,https://www.scenario.com/,scenario.com,com,12,AI-generated gaming assets,3,general,Other,General,False,0,0,None,0
Teleprompter,https://github.com/danielgross/teleprompter,github.com,com,10,An on-device AI for your meetings that listens to you and makes charismatic quote suggestions,15,general,Other,General,True,336,37,Python,5
FinChat,https://finchat.io/,finchat.io,io,10,"Using AI, FinChat generates answers to questions about public companies and investors",12,general,Other,General,False,0,0,None,0
Petals,https://github.com/bigscience-workshop/petals,github.com,com,10,BitTorrent style platform for running AI models in a distributed way,11,general,Other,General,True,10204,615,Python,112
Shotstack Workflows,https://shotstack.io/product/workflows/,shotstack.io,io,12,"No-code, automation workflow tool for building Generative AI media applications",10,"code, agent",Other,General,False,0,0,None,0
Aispect,https://aispect.io/?ref=mahseema-awesome-ai-tools,aispect.io,io,10,New way to experience events,5,general,Other,General,False,0,0,None,0
PressPulse AI,https://www.presspulse.ai/?ref=mahseema-awesome-ai-tools,presspulse.ai,ai,13,Get personalized media coverage leads every morning,7,general,Other,General,False,0,0,None,0
GummySearch,https://gummysearch.com/?ref=mahseema-awesome-ai-tools,gummysearch.com,com,15,"AI-based customer research via Reddit. Discover problems to solve, sentiment on current solutions, and people who want to buy your product",21,general,Other,General,False,0,0,None,0
Taplio,https://taplio.com/?ref=mahseema-awesome-ai-tools,taplio.com,com,10,"The all-in-one, AI-powered LinkedIn tool",5,general,Other,General,False,0,0,None,0
PromptPal,https://promptpal.net,promptpal.net,net,13,"Search for prompts and bots, then use them with your favorite AI. All in one place",16,search,Other,General,False,0,0,None,0
FairyTailAI,https://fairytailai.com/,fairytailai.com,com,15,Personalized bedtime story generator,4,general,Other,General,False,0,0,None,0
Myriad,https://www.namepepper.com/free-tools/ai-content-prompt-tool,namepepper.com,com,14,"Scale your content creation and get the best writing from ChatGPT, Copilot, and other AIs. Build and fine-tune prompts for any kind of content, from long-form to ads and email",30,"text, code, productivity, marketing",Other,General,False,0,0,None,0
GradGPT,https://www.gradgpt.com/,gradgpt.com,com,11,"AI tools to simplify college applications. Review applications, draft essays, find universities and requirements and more",16,search,Other,General,False,0,0,None,0
Code to Flow,https://codetoflow.com,codetoflow.com,com,14,"Visualize, Analyze, and Understand Your Code flow. Turn Code into Interactive Flowcharts with AI. Simplify Complex Logic Instantly",18,code,Other,General,False,0,0,None,0
AI-Flow,https://ai-flow.net/,ai-flow.net,net,11,Connect multiple AI models easily,5,general,Other,General,False,0,0,None,0
Architecture Helper,https://architecturehelper.com,architecturehelper.com,com,22,"Analyze any building architecture, and generate your own custom styles, in seconds",12,general,Other,General,False,0,0,None,0
VocalReplica,https://vocalreplica.com/,vocalreplica.com,com,16,AI-Powered Vocal and Instrumental Isolation for Your Favorite Tracks,9,general,Other,General,False,0,0,None,0
AI Wedding Toast,https://aiweddingtoast.com,aiweddingtoast.com,com,18,Generate a personalized wedding speech with AI,7,audio,Other,General,False,0,0,None,0
Interviews Chat,https://www.interviews.chat/,interviews.chat,chat,15,Your Personal Interview Prep & Copilot,6,"code, chatbot",Other,General,False,0,0,None,0
Context Data,https://contextdata.ai/,contextdata.ai,ai,14,Data Processing & ETL infrastructure for Generative AI applications,9,general,Other,General,False,0,0,None,0
ezJobs,https://www.getezjobs.com/,getezjobs.com,com,13,Automated job search and applications,5,search,Other,General,False,0,0,None,0
Compass,https://www.getwhys.io/compass,getwhys.io,io,10,AI driven answers to SaaS research questions,7,general,Other,General,False,0,0,None,0
Adon AI,https://adon-web.awakast.com/en/recruiter/,adon-web.awakast.com,com,20,"CV screening automation and blind CV generator, AI backed ATS",10,agent,Other,General,False,0,0,None,0
Persuva,https://persuva.ai,persuva.ai,ai,10,"Persuva is the AI-driven platform to create persuasive, high-converting ad copy at scale",13,marketing,Other,General,False,0,0,None,0
Interview Solver,https://interviewsolver.com,interviewsolver.com,com,19,Ace your live coding interviews with our AI Copilot,9,code,Other,General,False,0,0,None,0
Socialsonic,https://socialsonic.com,socialsonic.com,com,15,"AI LinkedIn Coach: Personalized content, trends & scheduling",8,general,Other,General,False,0,0,None,0
Napkin,https://www.napkin.ai/,napkin.ai,ai,9,Napkin turns your text into visuals so sharing your ideas is quick and effective,14,text,Other,General,False,0,0,None,0
Exam Samurai,https://www.examsamur.ai/,examsamur.ai,ai,12,AI Exam Generator,3,general,Other,General,False,0,0,None,0
AI Watermark Remover,https://aiwatermarkremover.io/,aiwatermarkremover.io,io,21,Remove watermarks from images and videos,6,general,Other,General,False,0,0,None,0
AISaver,https://aisaver.io,aisaver.io,io,10,Collection of AI Powered Video and Photo Tools,8,"image, video",Other,General,False,0,0,None,0
Harbor,https://github.com/av/harbor,github.com,com,10,"run LLM backends, APIs, frontends, and services with one command",10,general,Other,General,True,3078,207,Python,55
LangMagic,https://easytolearn.io,easytolearn.io,io,14,Learn languages from native content,5,general,Other,General,False,0,0,None,0
fynk,https://fynk.com/,fynk.com,com,8,AI powered contract management software,5,general,Other,General,False,0,0,None,0
LooksMax AI,https://looksmax.ai,looksmax.ai,ai,11,Find out how hot you are using AI,8,search,Other,General,False,0,0,None,0
Podify.io,https://podify.io,podify.io,io,9,Leverage AI and community to grow on LinkedIn,8,general,Other,General,False,0,0,None,0
ResumeDive,https://resumedive.com,resumedive.com,com,14,A resume boosting service using AI,6,general,Other,General,False,0,0,None,0
Luthor,https://luthor.ai/,luthor.ai,ai,9,Programmatic content marketing at scale,5,marketing,Other,General,False,0,0,None,0
Hyperbrowser,https://hyperbrowser.ai/,hyperbrowser.ai,ai,15,"Browser infrastructure and automation for AI Agents and Apps with advanced features like proxies, captcha solving, and session recording",19,agent,Other,General,False,0,0,None,0
Bricks,https://www.thebricks.com/,thebricks.com,com,13,The AI Spreadsheet We've All Been Waiting For,8,general,Other,General,False,0,0,None,0
Daruy,https://daruy.space/,daruy.space,space,11,Personalized Gift Idea Generator,4,general,Other,General,False,0,0,None,0
Promptly,https://searchpromptly.com/,searchpromptly.com,com,18,"Discover, create and share powerful prompts",6,general,Other,General,False,0,0,None,0
Melies,https://melies.co,melies.co,co,9,AI Filmmaking software,3,general,Other,General,False,0,0,None,0
Learn Prompting,https://learnprompting.org/,learnprompting.org,org,18,"A free, open-source course on communicating with artificial intelligence",9,general,Learning resources,General,False,0,0,None,0
Prompt Engineering Guide,https://github.com/dair-ai/Prompt-Engineering-Guide,github.com,com,10,Guide and resources for prompt engineering,6,general,Learning resources,General,True,75647,8218,MDX,268
ChatGPT prompt engineering for developers,https://www.deeplearning.ai/short-courses/chatgpt-prompt-engineering-for-developers/,deeplearning.ai,ai,15,A short course by Isa Fulford (OpenAI) and Andrew Ng (DeepLearning.AI),11,general,Learning resources,General,False,0,0,None,0
OpenAI Cookbook,https://github.com/openai/openai-cookbook,github.com,com,10,Examples and guides for using the OpenAI API,8,general,Learning resources,General,True,74171,12555,Jupyter Notebook,216
Robert Miles AI Safety,https://www.youtube.com/@RobertMilesAI,youtube.com,com,11,Youtube channel about AI safety,5,general,Learning resources,General,False,0,0,None,0
Roadmap,https://github.com/mrdbourke/machine-learning-roadmap,github.com,com,10,"A roadmap connecting many of the most important concepts in machine learning, how to learn them, and what tools to use to perform them",24,general,Learn AI free,Machine Learning,True,7873,1172,nan,12
Andrew Ng’s Machine Learning at Stanford University,https://www.coursera.org/learn/machine-learning,coursera.org,org,12,Ng’s gentle introduction to machine learning course is perfect for engineers who want a foundational overview of key concepts in the field,22,general,Learn AI free,Machine Learning,False,0,0,None,0
Sebastian Thrun’s Introduction To Machine Learning,https://www.udacity.com/course/intro-to-machine-learning--ud120,udacity.com,com,11,robust introduction to the subject and also the foundation for a Data Analyst “nanodegree” certification sponsored by Facebook and MongoDB,20,general,Learn AI free,Machine Learning,False,0,0,None,0
AI and Machine Learning Roadmaps,https://www.scaler.com/blog/category/artificial-intelligence-machine-learning/,scaler.com,com,10,"Roadmaps featuring essential concepts, learning methods, and the tools to put them into practice",14,general,Learn AI free,Machine Learning,False,0,0,None,0
How To Learn Artificial Intelligence (AI)?,https://www.appliedaicourse.com/blog/how-to-learn-artificial-intelligence-ai/,appliedaicourse.com,com,19,"provides a step-by-step guide for beginners to understand and develop AI skills. It covers foundational topics like programming (Python), mathematics, and machine learning, progressing to advanced concepts such as deep learning and neural networks",34,code,Learn AI free,Machine Learning,False,0,0,None,0
Jeremy Howard’s Fast.ai & Data Institute Certificates,https://www.fast.ai/,fast.ai,ai,7,"The in-person certificate courses are not free, but all of the content is available on Fast.ai as MOOCs",18,general,Learn AI free,Deep Learning,False,0,0,None,0
coursera-deep-learning-specialization,https://github.com/pratham5368/coursera-deep-learning-specialization,github.com,com,10,"Notes, programming assignments and quizzes from all courses within the Coursera Deep Learning specialization offered by deeplearning.ai",17,"code, productivity",Learn AI free,Deep Learning,True,1,0,nan,0
tensorflow,https://github.com/pratham5368/Tecnologies-I-Learn/tree/main/31-pytorch,github.com,com,10,all important notes to learn pytorch with all the examples in google colab,13,productivity,Learn AI free,Deep Learning,True,2,1,JavaScript,0
NVIDIA Omniverse AI Animal Explorer Extension,https://docs.omniverse.nvidia.com/extensions/latest/ext_animal-explorer.html#installation,docs.omniverse.nvidia.com,com,25,AI Animal Explorer is an Omniverse extension that enables creators to quickly prototype unique 3D animal meshes,17,search,NVIDIA Platform Extensions,General,False,0,0,None,0
Altern,https://altern.ai,altern.ai,ai,9,Find Best AI Tools,4,search,Related Awesome Lists,General,False,0,0,None,0
Best of AI,https://github.com/best-of-ai/best-of-ai,github.com,com,10,Like Michelin Guide for AI,5,general,Related Awesome Lists,General,True,625,91,HTML,25
Awesome AI Models,https://github.com/dariubs/awesome-ai-models,github.com,com,10,A curated list of top AI models and LLMs,9,general,Related Awesome Lists,General,True,142,18,nan,1
Awesome AI Coding Tools,https://github.com/ai-for-developers/awesome-ai-coding-tools,github.com,com,10,Curated list of AI-powered developer tools,6,code,Related Awesome Lists,General,True,1798,425,nan,155
Awesome Vibe Coding,http://github.com/dariubs/awesome-vibe-coding,github.com,com,10,A hand-picked collection of tools and resources for Vibe Coding,10,code,Related Awesome Lists,General,True,748,157,nan,37
Awesome AI Books,https://github.com/mahseema/aibooks,github.com,com,10,Curated List of Top AI and ML Books,8,general,Related Awesome Lists,General,True,80,7,nan,0
AI for Productivity,https://productivity.directory/category/ai,productivity.directory,directory,22,Curated List of AI Apps for productivity,7,productivity,Related Awesome Lists,General,False,0,0,None,0
Workflow Automation Softwares,https://productivity.directory/category/workflow-automation,productivity.directory,directory,22,Curated List of Workflow Automation Apps And Tools,8,agent,Related Awesome Lists,General,False,0,0,None,0
Awesome Workflow Automation,https://github.com/dariubs/awesome-workflow-automation,github.com,com,10,Curated List of Workflow Automation Apps And Tools,8,agent,Related Awesome Lists,General,True,1064,172,nan,40
Top AI Directories,https://github.com/best-of-ai/ai-directories,github.com,com,10,An awesome list of best top AI directories to submit your ai tools,13,general,Related Awesome Lists,General,True,828,422,nan,83
